time,open,high,low,close,tick_volume,spread,real_volume
2026-05-27 12:15:00,1.34333,1.34447,1.34313,1.34376,744,7,0
2026-05-27 12:20:00,1.3437299999999999,1.34565,1.3437000000000001,1.34452,1071,7,0
2026-05-27 12:25:00,1.34454,1.34549,1.34447,1.34525,673,7,0
2026-05-27 12:30:00,1.3452899999999999,1.34559,1.34494,1.34506,481,7,0
2026-05-27 12:35:00,1.34505,1.34552,1.34486,1.3452600000000001,605,7,0
2026-05-27 12:40:00,1.3453,1.34536,1.34481,1.34483,363,7,0
2026-05-27 12:45:00,1.34482,1.34491,1.34436,1.3446500000000001,338,7,0
2026-05-27 12:50:00,1.34466,1.34481,1.34447,1.34475,328,7,0
2026-05-27 12:55:00,1.34473,1.34482,1.34385,1.34399,328,7,0
2026-05-27 13:00:00,1.3439999999999999,1.3448,1.34392,1.34457,415,7,0
2026-05-27 13:05:00,1.34459,1.34474,1.34416,1.34435,319,7,0
2026-05-27 13:10:00,1.34436,1.34463,1.3443399999999999,1.34449,290,7,0
2026-05-27 13:15:00,1.34449,1.34477,1.3443399999999999,1.34449,308,7,0
2026-05-27 13:20:00,1.3445,1.3445,1.34406,1.3444,260,7,0
2026-05-27 13:25:00,1.34443,1.3447,1.34416,1.3444,314,7,0
2026-05-27 13:30:00,1.3443800000000001,1.34488,1.34422,1.34479,373,7,0
2026-05-27 13:35:00,1.34477,1.34488,1.3441100000000001,1.34426,383,7,0
2026-05-27 13:40:00,1.34425,1.34457,1.34422,1.34435,336,7,0
2026-05-27 13:45:00,1.34433,1.34475,1.34422,1.34445,360,7,0
2026-05-27 13:50:00,1.34445,1.34475,1.34405,1.34424,377,7,0
2026-05-27 13:55:00,1.34424,1.34469,1.34406,1.34462,309,7,0
2026-05-27 14:00:00,1.3446500000000001,1.34491,1.34422,1.34457,368,7,0
2026-05-27 14:05:00,1.34456,1.34478,1.34426,1.34456,348,7,0
2026-05-27 14:10:00,1.34458,1.34522,1.34446,1.34518,342,7,0
2026-05-27 14:15:00,1.34518,1.34566,1.3449,1.34562,347,7,0
2026-05-27 14:20:00,1.34564,1.3458,1.3445,1.3446,533,7,0
2026-05-27 14:25:00,1.34463,1.34504,1.34457,1.34488,339,7,0
2026-05-27 14:30:00,1.34485,1.34535,1.34392,1.34457,850,7,0
2026-05-27 14:35:00,1.34457,1.34512,1.34443,1.34511,398,7,0
2026-05-27 14:40:00,1.34511,1.3452899999999999,1.34474,1.34504,387,7,0
2026-05-27 14:45:00,1.34506,1.3453,1.3443800000000001,1.3443800000000001,389,7,0
2026-05-27 14:50:00,1.34436,1.34446,1.34263,1.34289,552,7,0
2026-05-27 14:55:00,1.34288,1.34288,1.34169,1.34188,782,7,0
2026-05-27 15:00:00,1.34188,1.34266,1.34161,1.34239,574,7,0
2026-05-27 15:05:00,1.34238,1.34291,1.34238,1.34274,389,7,0
2026-05-27 15:10:00,1.34274,1.34298,1.34244,1.34293,310,7,0
2026-05-27 15:15:00,1.34293,1.34296,1.34254,1.34259,235,7,0
2026-05-27 15:20:00,1.3426,1.34283,1.34228,1.34256,311,7,0
2026-05-27 15:25:00,1.34252,1.34289,1.34247,1.34274,229,7,0
2026-05-27 15:30:00,1.34276,1.34314,1.34253,1.34306,400,7,0
2026-05-27 15:35:00,1.34304,1.34311,1.34276,1.3428499999999999,296,7,0
2026-05-27 15:40:00,1.34286,1.34305,1.3424,1.34249,336,7,0
2026-05-27 15:45:00,1.34249,1.34287,1.34219,1.34225,361,7,0
2026-05-27 15:50:00,1.34226,1.34252,1.3421699999999999,1.34241,273,7,0
2026-05-27 15:55:00,1.3424,1.34287,1.34234,1.34287,238,7,0
2026-05-27 16:00:00,1.34289,1.3429,1.34199,1.34228,412,7,0
2026-05-27 16:05:00,1.34227,1.3425,1.34216,1.34241,287,7,0
2026-05-27 16:10:00,1.34242,1.34268,1.34235,1.34253,240,7,0
2026-05-27 16:15:00,1.34257,1.34295,1.34257,1.34293,184,7,0
2026-05-27 16:20:00,1.34293,1.34314,1.34268,1.34269,210,7,0
2026-05-27 16:25:00,1.3427,1.34299,1.34267,1.34286,172,7,0
2026-05-27 16:30:00,1.34284,1.34291,1.34269,1.3427799999999999,158,7,0
2026-05-27 16:35:00,1.3427799999999999,1.34292,1.3427,1.3428200000000001,155,7,0
2026-05-27 16:40:00,1.34283,1.34298,1.3427,1.34273,156,7,0
2026-05-27 16:45:00,1.34273,1.34298,1.34273,1.3429,145,7,0
2026-05-27 16:50:00,1.34293,1.34317,1.3428499999999999,1.34303,149,7,0
2026-05-27 16:55:00,1.34301,1.3431199999999999,1.34286,1.34304,177,7,0
2026-05-27 17:00:00,1.34308,1.34315,1.34268,1.3428200000000001,250,7,0
2026-05-27 17:05:00,1.3428200000000001,1.34297,1.34205,1.34211,304,7,0
2026-05-27 17:10:00,1.3421,1.34228,1.34186,1.34198,263,7,0
2026-05-27 17:15:00,1.342,1.34226,1.34191,1.34206,225,7,0
2026-05-27 17:20:00,1.34205,1.34216,1.34188,1.34191,186,7,0
2026-05-27 17:25:00,1.34191,1.34206,1.3417,1.34186,173,7,0
2026-05-27 17:30:00,1.34186,1.34202,1.34174,1.3418,142,7,0
2026-05-27 17:35:00,1.3418,1.3421,1.34169,1.34193,200,7,0
2026-05-27 17:40:00,1.34193,1.34207,1.34181,1.34205,117,7,0
2026-05-27 17:45:00,1.34205,1.34238,1.34204,1.34238,169,7,0
2026-05-27 17:50:00,1.34239,1.34268,1.34235,1.3424800000000001,150,7,0
2026-05-27 17:55:00,1.3425099999999999,1.34281,1.34247,1.34261,192,7,0
2026-05-27 18:00:00,1.34259,1.34269,1.34229,1.34238,188,7,0
2026-05-27 18:05:00,1.34238,1.34244,1.34227,1.34232,158,7,0
2026-05-27 18:10:00,1.34232,1.34242,1.3421699999999999,1.34229,152,7,0
2026-05-27 18:15:00,1.34231,1.34259,1.34222,1.34246,188,7,0
2026-05-27 18:20:00,1.34245,1.34271,1.34245,1.34245,183,7,0
2026-05-27 18:25:00,1.34245,1.34276,1.34244,1.3427,170,7,0
2026-05-27 18:30:00,1.34269,1.34288,1.34254,1.34262,215,7,0
2026-05-27 18:35:00,1.3426,1.34276,1.3425500000000001,1.34267,152,7,0
2026-05-27 18:40:00,1.34267,1.3428,1.34257,1.34274,125,7,0
2026-05-27 18:45:00,1.34274,1.34279,1.34264,1.34277,155,7,0
2026-05-27 18:50:00,1.34277,1.34291,1.34272,1.34286,116,7,0
2026-05-27 18:55:00,1.3428499999999999,1.34308,1.3428499999999999,1.34293,144,7,0
2026-05-27 19:00:00,1.34291,1.34303,1.34279,1.34297,151,7,0
2026-05-27 19:05:00,1.34295,1.34315,1.34295,1.34307,128,7,0
2026-05-27 19:10:00,1.34307,1.34307,1.34284,1.34297,113,7,0
2026-05-27 19:15:00,1.34296,1.34299,1.34287,1.34294,95,7,0
2026-05-27 19:20:00,1.34295,1.34329,1.34293,1.3431199999999999,119,7,0
2026-05-27 19:25:00,1.3431199999999999,1.34317,1.34303,1.34308,165,7,0
2026-05-27 19:30:00,1.34308,1.34321,1.34292,1.3431,180,7,0
2026-05-27 19:35:00,1.3431199999999999,1.34326,1.3431,1.34322,97,7,0
2026-05-27 19:40:00,1.34323,1.34323,1.34301,1.34305,116,7,0
2026-05-27 19:45:00,1.34305,1.34305,1.34293,1.34296,141,7,0
2026-05-27 19:50:00,1.34296,1.343,1.34287,1.34295,116,7,0
2026-05-27 19:55:00,1.34295,1.34311,1.34291,1.34303,140,7,0
2026-05-27 20:00:00,1.34304,1.3432,1.34293,1.34318,138,7,0
2026-05-27 20:05:00,1.34315,1.34328,1.34314,1.3431600000000001,58,7,0
2026-05-27 20:10:00,1.3431600000000001,1.34323,1.34304,1.34313,83,7,0
2026-05-27 20:15:00,1.34313,1.3431600000000001,1.34303,1.34306,66,7,0
2026-05-27 20:20:00,1.34307,1.34308,1.34293,1.34304,47,7,0
2026-05-27 20:25:00,1.34304,1.34307,1.34293,1.34296,25,7,0
2026-05-27 20:30:00,1.34298,1.34313,1.34298,1.3431,61,7,0
2026-05-27 20:35:00,1.3431,1.3431,1.34296,1.34303,57,7,0
2026-05-27 20:40:00,1.34303,1.34303,1.34293,1.343,53,7,0
2026-05-27 20:45:00,1.34299,1.34303,1.34292,1.34297,65,7,0
2026-05-27 20:50:00,1.34297,1.34297,1.3428499999999999,1.34288,59,7,0
2026-05-27 20:55:00,1.34288,1.3429,1.34259,1.34269,130,6,0
2026-05-27 21:00:00,1.34268,1.34269,1.34265,1.34267,8,18,0
2026-05-27 21:05:00,1.34265,1.34268,1.34239,1.3424,45,18,0
2026-05-27 21:10:00,1.34239,1.34243,1.34237,1.34241,32,37,0
2026-05-27 21:15:00,1.34243,1.34249,1.34241,1.34246,31,39,0
2026-05-27 21:20:00,1.34244,1.34252,1.34238,1.34241,56,42,0
2026-05-27 21:25:00,1.34239,1.34242,1.3423,1.34235,41,43,0
2026-05-27 21:30:00,1.34236,1.3424800000000001,1.34235,1.34238,83,39,0
2026-05-27 21:35:00,1.34236,1.34253,1.34233,1.3425,56,34,0
2026-05-27 21:40:00,1.3425,1.34254,1.3424800000000001,1.34253,21,28,0
2026-05-27 21:45:00,1.34252,1.34253,1.34241,1.34245,69,28,0
2026-05-27 21:50:00,1.34246,1.34253,1.34244,1.34253,70,39,0
2026-05-27 21:55:00,1.34253,1.34261,1.3425099999999999,1.34259,23,31,0
2026-05-27 22:00:00,1.34264,1.34281,1.3425799999999999,1.34266,94,7,0
2026-05-27 22:05:00,1.34266,1.34289,1.34262,1.34287,56,7,0
2026-05-27 22:10:00,1.34287,1.34307,1.3428499999999999,1.34295,54,7,0
2026-05-27 22:15:00,1.34295,1.34304,1.34283,1.3428499999999999,59,7,0
2026-05-27 22:20:00,1.3428499999999999,1.34296,1.34284,1.34294,50,7,0
2026-05-27 22:25:00,1.34294,1.34298,1.34272,1.34274,80,7,0
2026-05-27 22:30:00,1.34274,1.34277,1.34265,1.34276,72,7,0
2026-05-27 22:35:00,1.34276,1.34289,1.34275,1.34286,41,7,0
2026-05-27 22:40:00,1.34287,1.34287,1.34273,1.34275,53,7,0
2026-05-27 22:45:00,1.34275,1.34276,1.34252,1.34256,65,7,0
2026-05-27 22:50:00,1.34256,1.34276,1.3425500000000001,1.34275,47,7,0
2026-05-27 22:55:00,1.34276,1.34277,1.34274,1.34276,31,7,0
2026-05-27 23:00:00,1.34276,1.34276,1.34263,1.34273,41,7,0
2026-05-27 23:05:00,1.34273,1.34276,1.34269,1.34274,37,7,0
2026-05-27 23:10:00,1.34274,1.3428200000000001,1.34273,1.34277,38,7,0
2026-05-27 23:15:00,1.34277,1.34287,1.34271,1.34283,48,7,0
2026-05-27 23:20:00,1.34283,1.3428499999999999,1.34214,1.34226,185,7,0
2026-05-27 23:25:00,1.34226,1.34233,1.34213,1.34225,103,7,0
2026-05-27 23:30:00,1.3422399999999999,1.3422399999999999,1.34195,1.34219,150,7,0
2026-05-27 23:35:00,1.34218,1.34218,1.34185,1.34201,105,7,0
2026-05-27 23:40:00,1.34201,1.34206,1.3419400000000001,1.34205,103,7,0
2026-05-27 23:45:00,1.34205,1.34206,1.34191,1.34195,108,7,0
2026-05-27 23:50:00,1.34195,1.34198,1.34141,1.3416299999999999,163,7,0
2026-05-27 23:55:00,1.3416000000000001,1.34176,1.34154,1.34157,131,7,0
2026-05-28 00:00:00,1.34155,1.34167,1.34142,1.34157,280,7,0
2026-05-28 00:05:00,1.34158,1.34179,1.34146,1.34176,214,7,0
2026-05-28 00:10:00,1.34175,1.34178,1.34155,1.34162,189,7,0
2026-05-28 00:15:00,1.34162,1.34191,1.34152,1.34178,147,7,0
2026-05-28 00:20:00,1.34178,1.34201,1.34168,1.34173,196,7,0
2026-05-28 00:25:00,1.34175,1.34192,1.34161,1.34189,147,7,0
2026-05-28 00:30:00,1.34188,1.34191,1.34147,1.3415599999999999,216,7,0
2026-05-28 00:35:00,1.34155,1.34168,1.34147,1.34154,131,7,0
2026-05-28 00:40:00,1.34154,1.34165,1.34143,1.34143,121,7,0
2026-05-28 00:45:00,1.34145,1.3415599999999999,1.34127,1.34128,136,7,0
2026-05-28 00:50:00,1.34128,1.3413599999999999,1.34105,1.34105,153,7,0
2026-05-28 00:55:00,1.34104,1.34142,1.34093,1.3413300000000001,193,7,0
2026-05-28 01:00:00,1.34135,1.34141,1.34096,1.34108,208,7,0
2026-05-28 01:05:00,1.34108,1.34125,1.341,1.34116,160,7,0
2026-05-28 01:10:00,1.34117,1.3412899999999999,1.34106,1.34117,164,7,0
2026-05-28 01:15:00,1.34117,1.3413,1.34112,1.34118,164,7,0
2026-05-28 01:20:00,1.34118,1.3412600000000001,1.3409499999999999,1.34117,147,7,0
2026-05-28 01:25:00,1.34118,1.34118,1.34093,1.3410199999999999,159,7,0
2026-05-28 01:30:00,1.34104,1.34117,1.3407,1.34085,243,7,0
2026-05-28 01:35:00,1.34083,1.3409,1.3406799999999999,1.34084,125,7,0
2026-05-28 01:40:00,1.34084,1.34086,1.34052,1.34052,136,7,0
2026-05-28 01:45:00,1.34049,1.34052,1.34006,1.34029,184,7,0
2026-05-28 01:50:00,1.34029,1.34037,1.3401399999999999,1.34019,130,7,0
2026-05-28 01:55:00,1.34018,1.34023,1.33974,1.33985,178,7,0
2026-05-28 02:00:00,1.33983,1.3401,1.33983,1.33993,214,7,0
2026-05-28 02:05:00,1.33995,1.3401399999999999,1.33988,1.3401,173,7,0
2026-05-28 02:10:00,1.3401,1.34026,1.34008,1.34026,140,7,0
2026-05-28 02:15:00,1.34025,1.34035,1.3401399999999999,1.34033,120,7,0
2026-05-28 02:20:00,1.3403399999999999,1.34053,1.3403399999999999,1.34046,132,7,0
2026-05-28 02:25:00,1.34049,1.34049,1.34036,1.34048,89,7,0
2026-05-28 02:30:00,1.34048,1.3406500000000001,1.34048,1.34059,122,7,0
2026-05-28 02:35:00,1.34058,1.34066,1.34025,1.3403800000000001,128,7,0
2026-05-28 02:40:00,1.34037,1.34037,1.34005,1.3401,159,7,0
2026-05-28 02:45:00,1.3401,1.34015,1.33994,1.3401100000000001,156,7,0
2026-05-28 02:50:00,1.3401,1.34019,1.34001,1.3400699999999999,146,7,0
2026-05-28 02:55:00,1.34008,1.34019,1.34003,1.34015,115,7,0
2026-05-28 03:00:00,1.34015,1.34026,1.3400699999999999,1.34008,167,7,0
2026-05-28 03:05:00,1.34012,1.34037,1.33985,1.33993,159,7,0
2026-05-28 03:10:00,1.33991,1.33991,1.33933,1.33936,192,7,0
2026-05-28 03:15:00,1.33937,1.33947,1.3388200000000001,1.33891,247,7,0
2026-05-28 03:20:00,1.33891,1.33917,1.33876,1.33888,229,7,0
2026-05-28 03:25:00,1.33888,1.3391600000000001,1.33884,1.33887,195,7,0
2026-05-28 03:30:00,1.33888,1.33888,1.33804,1.33814,281,7,0
2026-05-28 03:35:00,1.33814,1.33837,1.33786,1.33788,317,7,0
2026-05-28 03:40:00,1.33789,1.3381,1.33753,1.33759,327,7,0
2026-05-28 03:45:00,1.33758,1.33774,1.3371,1.33727,327,7,0
2026-05-28 03:50:00,1.33728,1.3372899999999999,1.33689,1.33705,256,7,0
2026-05-28 03:55:00,1.3370600000000001,1.3370600000000001,1.33682,1.33684,216,7,0
2026-05-28 04:00:00,1.33682,1.33709,1.3367,1.33709,275,7,0
2026-05-28 04:05:00,1.33708,1.33744,1.33674,1.33744,234,7,0
2026-05-28 04:10:00,1.33746,1.33749,1.33712,1.33731,198,7,0
2026-05-28 04:15:00,1.3373300000000001,1.3375,1.33701,1.3370199999999999,255,7,0
2026-05-28 04:20:00,1.337,1.33743,1.337,1.33735,251,7,0
2026-05-28 04:25:00,1.33731,1.33737,1.33707,1.33709,192,7,0
2026-05-28 04:30:00,1.33709,1.33745,1.33707,1.3373599999999999,206,7,0
2026-05-28 04:35:00,1.3373599999999999,1.33766,1.33731,1.33764,161,7,0
2026-05-28 04:40:00,1.33765,1.3378,1.33748,1.33761,174,7,0
2026-05-28 04:45:00,1.33761,1.33771,1.33743,1.3376000000000001,137,7,0
2026-05-28 04:50:00,1.3376000000000001,1.33776,1.33754,1.33766,157,7,0
2026-05-28 04:55:00,1.3376700000000001,1.33778,1.33762,1.33772,141,7,0
2026-05-28 05:00:00,1.33774,1.33789,1.33757,1.33777,158,7,0
2026-05-28 05:05:00,1.33776,1.33793,1.33761,1.33766,135,7,0
2026-05-28 05:10:00,1.33765,1.33789,1.33747,1.3378700000000001,165,7,0
2026-05-28 05:15:00,1.33786,1.33799,1.33776,1.33788,148,7,0
2026-05-28 05:20:00,1.33789,1.33817,1.33784,1.33808,132,7,0
2026-05-28 05:25:00,1.33808,1.33838,1.33808,1.33832,164,7,0
2026-05-28 05:30:00,1.33833,1.33907,1.3383,1.33904,239,7,0
2026-05-28 05:35:00,1.33904,1.3391600000000001,1.3388200000000001,1.3391600000000001,224,7,0
2026-05-28 05:40:00,1.33915,1.33938,1.3391,1.33924,213,7,0
2026-05-28 05:45:00,1.33924,1.33948,1.33924,1.3394300000000001,152,7,0
2026-05-28 05:50:00,1.33941,1.33957,1.33931,1.33936,185,7,0
2026-05-28 05:55:00,1.33936,1.33937,1.33915,1.33918,150,7,0
2026-05-28 06:00:00,1.33915,1.3394599999999999,1.33902,1.33932,225,7,0
2026-05-28 06:05:00,1.33933,1.3396,1.33928,1.33932,198,7,0
2026-05-28 06:10:00,1.33933,1.33988,1.33921,1.33975,251,7,0
2026-05-28 06:15:00,1.33975,1.3397999999999999,1.33952,1.3397299999999999,212,7,0
2026-05-28 06:20:00,1.33974,1.34016,1.33974,1.33996,207,7,0
2026-05-28 06:25:00,1.33995,1.34018,1.33985,1.33985,236,7,0
2026-05-28 06:30:00,1.3399,1.34048,1.33982,1.34028,269,7,0
2026-05-28 06:35:00,1.34026,1.3407499999999999,1.34021,1.34066,236,7,0
2026-05-28 06:40:00,1.34063,1.3406500000000001,1.3403,1.3406,242,7,0
2026-05-28 06:45:00,1.3406,1.34076,1.34052,1.3406,193,7,0
2026-05-28 06:50:00,1.34056,1.34057,1.34021,1.34026,209,7,0
2026-05-28 06:55:00,1.34027,1.34058,1.34026,1.34036,214,7,0
2026-05-28 07:00:00,1.3403800000000001,1.34097,1.3403800000000001,1.34081,339,7,0
2026-05-28 07:05:00,1.34076,1.34096,1.34047,1.3409200000000001,285,7,0
2026-05-28 07:10:00,1.3409200000000001,1.34115,1.34081,1.341,237,7,0
2026-05-28 07:15:00,1.34103,1.34103,1.34054,1.34071,224,7,0
2026-05-28 07:20:00,1.34071,1.3407200000000001,1.34037,1.34057,217,7,0
2026-05-28 07:25:00,1.34057,1.34058,1.33999,1.34024,214,7,0
2026-05-28 07:30:00,1.34024,1.3406500000000001,1.3402,1.3402,210,7,0
2026-05-28 07:35:00,1.3402,1.34024,1.33992,1.34,258,7,0
2026-05-28 07:40:00,1.34001,1.34027,1.33996,1.34024,183,7,0
2026-05-28 07:45:00,1.34023,1.34051,1.3401,1.3403800000000001,232,7,0
2026-05-28 07:50:00,1.3403800000000001,1.34042,1.3401100000000001,1.3402,197,7,0
2026-05-28 07:55:00,1.3402,1.34029,1.34009,1.34022,183,7,0
2026-05-28 08:00:00,1.3402,1.34059,1.34015,1.34052,251,7,0
2026-05-28 08:05:00,1.34053,1.3407,1.3404,1.34052,229,7,0
2026-05-28 08:10:00,1.34051,1.34053,1.33975,1.33997,214,7,0
2026-05-28 08:15:00,1.33996,1.33996,1.33969,1.33986,194,7,0
2026-05-28 08:20:00,1.33986,1.34025,1.33985,1.3401399999999999,191,7,0
2026-05-28 08:25:00,1.3401399999999999,1.34021,1.3395299999999999,1.33991,215,7,0
2026-05-28 08:30:00,1.33991,1.34001,1.33965,1.33975,193,7,0
2026-05-28 08:35:00,1.33978,1.33993,1.33969,1.33986,177,7,0
2026-05-28 08:40:00,1.33986,1.34001,1.3394599999999999,1.33957,182,7,0
2026-05-28 08:45:00,1.33957,1.34008,1.33949,1.34006,200,7,0
2026-05-28 08:50:00,1.34008,1.34037,1.33998,1.3401399999999999,152,7,0
2026-05-28 08:55:00,1.34013,1.34027,1.33992,1.34017,129,7,0
2026-05-28 09:00:00,1.34016,1.3404,1.34009,1.34033,178,7,0
2026-05-28 09:05:00,1.34033,1.34051,1.34024,1.34024,208,7,0
2026-05-28 09:10:00,1.34025,1.34079,1.34017,1.34062,181,7,0
2026-05-28 09:15:00,1.34062,1.3406799999999999,1.34047,1.34053,180,7,0
2026-05-28 09:20:00,1.34054,1.34097,1.34043,1.34066,190,7,0
2026-05-28 09:25:00,1.34067,1.34079,1.3403399999999999,1.34037,198,7,0
2026-05-28 09:30:00,1.3403800000000001,1.34044,1.33994,1.3401100000000001,195,7,0
2026-05-28 09:35:00,1.34012,1.34027,1.33993,1.33999,180,7,0
2026-05-28 09:40:00,1.33999,1.34028,1.33981,1.33983,179,7,0
2026-05-28 09:45:00,1.33983,1.33983,1.33957,1.33978,184,7,0
2026-05-28 09:50:00,1.33979,1.34005,1.3397000000000001,1.3397700000000001,215,7,0
2026-05-28 09:55:00,1.33979,1.33982,1.3394300000000001,1.33955,210,7,0
2026-05-28 10:00:00,1.3395299999999999,1.33971,1.33931,1.3394300000000001,229,7,0
2026-05-28 10:05:00,1.33941,1.33954,1.33896,1.33935,216,7,0
2026-05-28 10:10:00,1.33935,1.33952,1.33926,1.3394,179,7,0
2026-05-28 10:15:00,1.33942,1.33981,1.33924,1.33928,253,7,0
2026-05-28 10:20:00,1.33927,1.33948,1.33903,1.33944,233,7,0
2026-05-28 10:25:00,1.33944,1.33979,1.33941,1.33976,174,7,0
2026-05-28 10:30:00,1.33975,1.33981,1.33951,1.33956,162,7,0
2026-05-28 10:35:00,1.33959,1.3396,1.33915,1.33915,189,7,0
2026-05-28 10:40:00,1.3391600000000001,1.33917,1.33865,1.33879,223,7,0
2026-05-28 10:45:00,1.3388,1.3394599999999999,1.33869,1.33934,219,7,0
2026-05-28 10:50:00,1.33933,1.33934,1.33859,1.33923,486,7,0
2026-05-28 10:55:00,1.33927,1.33934,1.33884,1.33891,328,7,0
2026-05-28 11:00:00,1.33887,1.33956,1.33884,1.33956,275,7,0
2026-05-28 11:05:00,1.33956,1.33956,1.33914,1.33933,202,7,0
2026-05-28 11:10:00,1.33933,1.3396,1.3391899999999999,1.33955,197,7,0
2026-05-28 11:15:00,1.33955,1.3397999999999999,1.33954,1.33975,186,7,0
2026-05-28 11:20:00,1.33975,1.3399,1.33962,1.33974,143,7,0
2026-05-28 11:25:00,1.33975,1.34009,1.33964,1.3400400000000001,159,7,0
2026-05-28 11:30:00,1.34001,1.34001,1.33954,1.33994,160,7,0
2026-05-28 11:35:00,1.33994,1.34024,1.33987,1.34017,174,7,0
2026-05-28 11:40:00,1.34018,1.3403100000000001,1.34009,1.34027,112,7,0
2026-05-28 11:45:00,1.34027,1.34051,1.3401100000000001,1.3401100000000001,181,7,0
2026-05-28 11:50:00,1.34009,1.34073,1.3400400000000001,1.3407,224,7,0
2026-05-28 11:55:00,1.3406500000000001,1.3410199999999999,1.34054,1.34062,258,7,0
2026-05-28 12:00:00,1.34062,1.3406500000000001,1.34037,1.34057,208,7,0
2026-05-28 12:05:00,1.34056,1.34078,1.3404,1.34043,195,7,0
2026-05-28 12:10:00,1.34044,1.34063,1.34026,1.34063,211,7,0
2026-05-28 12:15:00,1.3406500000000001,1.34086,1.34059,1.3407499999999999,212,7,0
2026-05-28 12:20:00,1.34077,1.34091,1.3405,1.34064,231,7,0
2026-05-28 12:25:00,1.34066,1.34104,1.34062,1.34097,215,7,0
2026-05-28 12:30:00,1.34096,1.34216,1.3409,1.34162,436,7,0
2026-05-28 12:35:00,1.34165,1.34225,1.34148,1.3419699999999999,403,7,0
2026-05-28 12:40:00,1.34196,1.34222,1.34177,1.3419400000000001,358,7,0
2026-05-28 12:45:00,1.3419400000000001,1.34223,1.34178,1.34203,332,7,0
2026-05-28 12:50:00,1.34203,1.34247,1.34195,1.3421699999999999,301,7,0
2026-05-28 12:55:00,1.3422,1.34223,1.34175,1.34203,286,7,0
2026-05-28 13:00:00,1.34207,1.3427799999999999,1.34204,1.3424,393,7,0
2026-05-28 13:05:00,1.3424,1.3425500000000001,1.34193,1.34203,306,7,0
2026-05-28 13:10:00,1.34203,1.34206,1.34193,1.34204,23,7,0
